ID,Name,Contact,Email,Date of Purchase,Customer,Amount
1,Midge Pillinger,8997760772,mpillinger0@go.com,2026-05-09 00:00:00.0,false,72849.0
2,Valentine Lockitt,1361206656,vlockitt1@unc.edu,2026-04-12 00:00:00.0,false,355595.0
3,Vittorio Hambidge,4783170630,vhambidge2@bloomberg.com,2024-11-11 00:00:00.0,false,372850.0
4,Babita Parkman,1556334912,bparkman3@sfgate.com,2026-07-07 00:00:00.0,false,445544.0
5,Lenore Calyton,3208176593,lcalyton4@oakley.com,2024-02-12 00:00:00.0,true,41430.0
6,Jordan Ben-Aharon,6991369149,jbenaharon5@baidu.com,2024-08-12 00:00:00.0,true,219340.0
7,Kelvin Womersley,8455606096,kwomersley6@bing.com,2024-10-12 00:00:00.0,true,255892.0
8,Kaleena Swann,9689604522,kswann7@mashable.com,2024-08-12 00:00:00.0,false,40889.0
9,Rubi Ansell,7598386372,ransell8@pbs.org,2024-09-02 00:00:00.0,true,243816.0
10,Estevan Plumbe,6056686596,eplumbe9@angelfire.com,2024-10-02 00:00:00.0,true,104371.0
11,Albrecht Tattersall,6507401549,atattersalla@hao123.com,2024-10-06 00:00:00.0,false,388836.0
12,Thor Etherington,5432346376,tetheringtonb@thetimes.co.uk,2026-03-08 00:00:00.0,true,493018.0
13,Hubey Larvent,1695788280,hlarventc@example.com,2024-07-04 00:00:00.0,false,253913.0
14,Vladamir Paice,3619886964,vpaiced@over-blog.com,2025-06-10 00:00:00.0,false,102742.0
15,Shep Stothert,8925205138,sstotherte@acquirethisname.com,2026-06-07 00:00:00.0,false,375950.0
16,Jonah Pecht,9874863662,jpechtf@ustream.tv,2025-09-12 00:00:00.0,false,195716.0
17,Bartel Cherry,6207506674,bcherryg@furl.net,2024-11-01 00:00:00.0,true,226387.0
18,Annabal Lecky,4993335331,aleckyh@discovery.com,2026-03-08 00:00:00.0,true,301521.0
19,Faustina Burchnall,9198363667,fburchnalli@jugem.jp,2024-01-03 00:00:00.0,true,273086.0
20,Laure Bowry,1178360053,lbowryj@deliciousdays.com,2025-12-07 00:00:00.0,false,377269.0
21,Siegfried Sambals,9579362383,ssambalsk@addthis.com,2025-05-12 00:00:00.0,true,217679.0
22,Travis Olliffe,7289785388,tolliffel@mozilla.com,2026-01-10 00:00:00.0,false,9578.0
23,Gerta Broseke,5634453368,gbrosekem@aboutads.info,2025-07-06 00:00:00.0,false,318141.0
24,Shelby Myhill,2758922099,smyhilln@skyrock.com,2025-04-07 00:00:00.0,false,352073.0
25,Eba Bodman,8717424058,ebodmano@printfriendly.com,2025-01-07 00:00:00.0,false,348701.0
26,Dag Mc Gaughey,8479504825,dmcp@photobucket.com,2026-01-11 00:00:00.0,true,172485.0
27,Enoch Berthomier,9413336583,eberthomierq@si.edu,2026-03-06 00:00:00.0,true,436239.0
28,Nehemiah Wallbrook,5481244361,nwallbrookr@example.com,2025-07-10 00:00:00.0,false,57856.0
29,Gaspar Hise,8783089863,ghises@hibu.com,2024-11-01 00:00:00.0,true,164981.0
30,Joanie Duggary,2168035947,jduggaryt@liveinternet.ru,2025-06-12 00:00:00.0,false,162985.0
31,Karlen Crosby,3354510469,kcrosbyu@mtv.com,2024-05-01 00:00:00.0,false,236009.0
32,Nelie Cousins,9739052703,ncousinsv@bandcamp.com,2024-03-05 00:00:00.0,true,7208.0
33,Perle Zeal,6483600084,pzealw@behance.net,2024-07-07 00:00:00.0,false,333496.0
34,Carmelita Parsall,1933758350,cparsallx@ucsd.edu,2026-03-05 00:00:00.0,false,345280.0
35,Salvidor MacInerney,1683225655,smacinerneyy@constantcontact.com,2026-02-10 00:00:00.0,false,388586.0
36,Cassie Redmille,4613708766,credmillez@goo.gl,2025-06-02 00:00:00.0,false,420629.0
37,Janice Wye,7794873775,jwye10@altervista.org,2024-05-07 00:00:00.0,false,150116.0
38,Marion Mounfield,7739093944,mmounfield11@mapy.cz,2024-11-01 00:00:00.0,true,206340.0
39,Herbert Beeston,8316991356,hbeeston12@deviantart.com,2025-12-10 00:00:00.0,true,297137.0
40,Lyn Devall,4279251036,ldevall13@ezinearticles.com,2024-06-10 00:00:00.0,true,14141.0
41,Mayer Ditt,1501270205,mditt14@sitemeter.com,2024-02-01 00:00:00.0,false,351358.0
42,Rose Dubble,9154896094,rdubble15@gravatar.com,2025-07-12 00:00:00.0,true,141866.0
43,Harmony Leahey,6456377344,hleahey16@hibu.com,2026-03-07 00:00:00.0,false,261431.0
44,Rowen Boyford,4408816799,rboyford17@meetup.com,2025-04-08 00:00:00.0,true,17126.0
45,Carlita Oaks,8644330505,coaks18@youtu.be,2026-06-04 00:00:00.0,true,206239.0
46,Burg Dullard,4013854959,bdullard19@businessinsider.com,2024-06-02 00:00:00.0,false,309521.0
47,Brockie Bottini,7566497068,bbottini1a@devhub.com,2024-07-12 00:00:00.0,true,171546.0
48,Lolita Lickess,2516604118,llickess1b@cpanel.net,2024-08-01 00:00:00.0,false,489852.0
49,Karilynn Dawtry,1434166524,kdawtry1c@ed.gov,2024-07-02 00:00:00.0,false,99761.0
50,Marcie Kilner,2017710327,mkilner1d@oracle.com,2024-12-05 00:00:00.0,false,266092.0
51,Brianne Tree,9007461276,btree1e@fc2.com,2025-12-02 00:00:00.0,true,319922.0
52,Hymie Mangon,4379319287,hmangon1f@wiley.com,2024-10-06 00:00:00.0,false,374684.0
53,Ive Martinuzzi,8054046402,imartinuzzi1g@macromedia.com,2024-06-02 00:00:00.0,true,153569.0
54,Fonsie Ferrolli,9845413571,fferrolli1h@posterous.com,2025-11-04 00:00:00.0,false,449687.0
55,Phelia Crumbleholme,7092683725,pcrumbleholme1i@wired.com,2024-11-09 00:00:00.0,true,427116.0
56,Constanta Cristea,7682710870,ccristea1j@ucoz.com,2026-01-08 00:00:00.0,true,169789.0
57,Kristal Malkin,6157180487,kmalkin1k@uol.com.br,2026-02-10 00:00:00.0,false,434099.0
58,Iggie Heffy,9835754596,iheffy1l@elpais.com,2025-04-12 00:00:00.0,false,282325.0
59,Nicole Simkiss,3579987599,nsimkiss1m@globo.com,2024-02-10 00:00:00.0,true,445935.0
60,Olia Finkle,8844504017,ofinkle1n@chronoengine.com,2026-03-08 00:00:00.0,false,22192.0
61,Budd Beirne,2337470564,bbeirne1o@slideshare.net,2025-08-05 00:00:00.0,true,414685.0
62,Royce Sadd,6444772956,rsadd1p@elegantthemes.com,2026-06-03 00:00:00.0,true,417906.0
63,Geralda Digance,6908654066,gdigance1q@i2i.jp,2025-09-12 00:00:00.0,true,183969.0
64,Cal Tomashov,4972435569,ctomashov1r@sciencedaily.com,2026-01-10 00:00:00.0,true,285462.0
65,Zedekiah Chasteau,9659327780,zchasteau1s@ocn.ne.jp,2024-10-12 00:00:00.0,false,411345.0
66,Irina Christer,9031361911,ichrister1t@woothemes.com,2025-08-01 00:00:00.0,false,454819.0
67,Bendite Brizell,5921048521,bbrizell1u@ftc.gov,2024-12-12 00:00:00.0,false,436638.0
68,Renado Strother,6522029601,rstrother1v@google.fr,2024-06-04 00:00:00.0,true,275971.0
69,Aurelie Elmhurst,4805384612,aelmhurst1w@blogger.com,2025-12-11 00:00:00.0,false,426681.0
70,Jayme Curzey,2827938002,jcurzey1x@accuweather.com,2025-05-03 00:00:00.0,false,275091.0
71,Caesar De Dantesie,7121758113,cde1y@salon.com,2025-10-09 00:00:00.0,true,255726.0
72,Lambert Byway,6856287521,lbyway1z@canalblog.com,2024-09-09 00:00:00.0,false,78916.0
73,Dorry Usherwood,2235918640,dusherwood20@webnode.com,2025-12-09 00:00:00.0,true,123425.0
74,Justinian Merryweather,3232526849,jmerryweather21@amazon.co.uk,2024-07-07 00:00:00.0,true,21470.0
75,Ned Gramer,5889861214,ngramer22@nymag.com,2025-08-10 00:00:00.0,false,246988.0
76,Westleigh Rembrant,4411539362,wrembrant23@weebly.com,2024-04-07 00:00:00.0,false,89081.0
77,Bree Nyssen,6667946680,bnyssen24@toplist.cz,2024-06-11 00:00:00.0,false,378777.0
78,Jock Tremayle,7862245024,jtremayle25@prnewswire.com,2024-01-07 00:00:00.0,true,390940.0
79,Tyne Martinovsky,9293197010,tmartinovsky26@friendfeed.com,2026-02-04 00:00:00.0,false,194604.0
80,Flss Gauthorpp,1883707726,fgauthorpp27@google.co.uk,2024-04-03 00:00:00.0,true,246584.0
81,Stella Crisp,5897635257,scrisp28@bandcamp.com,2026-02-10 00:00:00.0,false,225569.0
82,Gerhard Pickersgill,4159572290,gpickersgill29@hp.com,2026-04-10 00:00:00.0,false,361579.0
83,Ade Shah,8336502013,ashah2a@g.co,2026-03-07 00:00:00.0,true,350483.0
84,Scarlett Twidle,5043928274,stwidle2b@livejournal.com,2026-06-06 00:00:00.0,true,137691.0
85,Geralda Kingscote,2806540170,gkingscote2c@slideshare.net,2024-10-06 00:00:00.0,false,415224.0
86,Kassie Gorstidge,6355720745,kgorstidge2d@php.net,2024-08-10 00:00:00.0,true,320423.0
87,Kristos Bark,8018402650,kbark2e@furl.net,2026-03-05 00:00:00.0,true,70140.0
88,Keefe Sheppard,8157026251,ksheppard2f@hud.gov,2024-05-04 00:00:00.0,true,175012.0
89,Lefty Lorrain,6726771817,llorrain2g@1und1.de,2025-01-09 00:00:00.0,true,273801.0
90,Jeanette Danielou,8772154476,jdanielou2h@arstechnica.com,2025-05-04 00:00:00.0,false,237078.0
91,Aguie Mallaby,9957978183,amallaby2i@shop-pro.jp,2025-10-07 00:00:00.0,false,444176.0
92,Christophe Constable,2403687074,cconstable2j@paypal.com,2025-03-02 00:00:00.0,false,86256.0
93,Stacie Tonkinson,8937934839,stonkinson2k@jiathis.com,2025-06-12 00:00:00.0,false,365754.0
94,Giorgio Espy,8266061228,gespy2l@vinaora.com,2025-10-02 00:00:00.0,true,52465.0
95,Anabelle Carlson,8666951048,acarlson2m@parallels.com,2024-10-10 00:00:00.0,false,442385.0
96,Gunther Livick,4891489389,glivick2n@japanpost.jp,2024-08-06 00:00:00.0,true,273459.0
97,Druci Kirkbright,5323504664,dkirkbright2o@ted.com,2025-11-04 00:00:00.0,true,171673.0
98,Prinz Bradneck,2029910804,pbradneck2p@blog.com,2024-06-11 00:00:00.0,false,327206.0
99,Gretta ducarme,3122644198,gducarme2q@seesaa.net,2025-05-10 00:00:00.0,false,436508.0
100,Virgie Pearsey,1869329499,vpearsey2r@businesswire.com,2024-02-08 00:00:00.0,false,366314.0
101,Joan Leeburne,1015163542,jleeburne2s@e-recht24.de,2024-11-12 00:00:00.0,false,366587.0
102,Emmeline Jellico,5612311369,ejellico2t@theguardian.com,2024-07-11 00:00:00.0,true,495501.0
103,Micki Straun,1663926595,mstraun2u@aol.com,2026-02-06 00:00:00.0,false,56156.0
104,Ruthe Cockshutt,5341116891,rcockshutt2v@etsy.com,2025-12-02 00:00:00.0,false,39973.0
105,Lucilia Westmancoat,8008423334,lwestmancoat2w@nydailynews.com,2026-04-12 00:00:00.0,true,148993.0
106,Judie Kilvington,3132198678,jkilvington2x@xing.com,2024-03-05 00:00:00.0,false,274525.0
107,Buck Hawler,4724912650,bhawler2y@mail.ru,2026-06-11 00:00:00.0,true,216396.0
108,Ruy Pawlett,9739765414,rpawlett2z@weibo.com,2024-01-03 00:00:00.0,false,112381.0
109,Rustin Rawcliffe,5846093688,rrawcliffe30@walmart.com,2024-11-03 00:00:00.0,true,27151.0
110,Dinny de Aguirre,2465513489,dde31@etsy.com,2025-08-05 00:00:00.0,false,390768.0
111,Barclay Drakard,1516303913,bdrakard32@china.com.cn,2025-10-01 00:00:00.0,false,134765.0
112,Jerrome Tellenbroker,3599183421,jtellenbroker33@jugem.jp,2025-09-11 00:00:00.0,true,417631.0
113,Maurene Perkin,4501814101,mperkin34@google.com.au,2024-07-07 00:00:00.0,true,337414.0
114,Collen Nicholl,6757972384,cnicholl35@sbwire.com,2026-04-06 00:00:00.0,false,140850.0
115,Ingaborg Hudel,2865686953,ihudel36@hp.com,2024-02-05 00:00:00.0,false,360580.0
116,Ginger Hegley,2167438493,ghegley37@networksolutions.com,2026-02-02 00:00:00.0,false,212215.0
117,Chaim Arrighini,3827765757,carrighini38@parallels.com,2024-08-12 00:00:00.0,false,277463.0
118,Denys Alanbrooke,4247169705,dalanbrooke39@about.me,2025-06-10 00:00:00.0,true,480081.0
119,Ede Diffley,8111083956,ediffley3a@canalblog.com,2026-01-01 00:00:00.0,true,422541.0
120,Leslie O' Mara,8343387676,lo3b@yandex.ru,2026-03-02 00:00:00.0,true,200085.0
121,Dani Godley,7647666528,dgodley3c@histats.com,2024-03-11 00:00:00.0,false,441706.0
122,Celesta Methuen,3668855419,cmethuen3d@timesonline.co.uk,2024-01-07 00:00:00.0,false,144178.0
123,Geoffry Kelinge,1275794182,gkelinge3e@dell.com,2024-01-11 00:00:00.0,false,190605.0
124,Emili Brightwell,4277823011,ebrightwell3f@altervista.org,2024-05-06 00:00:00.0,true,463832.0
125,Iorgo Beauchop,2313950047,ibeauchop3g@t.co,2024-11-04 00:00:00.0,false,439569.0
126,Claudina Hampshaw,6405020764,champshaw3h@google.ca,2025-06-03 00:00:00.0,true,24806.0
127,Sigismund Lalor,8119152336,slalor3i@statcounter.com,2024-03-12 00:00:00.0,true,322533.0
128,Nappie Crock,3288302059,ncrock3j@delicious.com,2024-04-09 00:00:00.0,true,329558.0
129,Cozmo Dunk,9838855024,cdunk3k@mysql.com,2024-06-01 00:00:00.0,false,22939.0
130,Cary Castellanos,7234078942,ccastellanos3l@themeforest.net,2025-09-10 00:00:00.0,false,273756.0
131,Hildegarde Cardenosa,8095491855,hcardenosa3m@godaddy.com,2024-03-01 00:00:00.0,false,228354.0
132,Demetra Iredale,7726246272,diredale3n@indiegogo.com,2025-11-08 00:00:00.0,false,433471.0
133,Agnola Maude,7002679852,amaude3o@geocities.jp,2025-08-11 00:00:00.0,true,333337.0
134,Leena Browne,8415423213,lbrowne3p@mail.ru,2024-06-03 00:00:00.0,false,161258.0
135,Fern Veschi,6868561314,fveschi3q@blogtalkradio.com,2025-09-09 00:00:00.0,false,208104.0
136,Francklin Pauley,2339854387,fpauley3r@de.vu,2024-01-09 00:00:00.0,false,23977.0
137,Dana Pack,8705869667,dpack3s@independent.co.uk,2026-04-07 00:00:00.0,false,308148.0
138,Marquita Kach,7563035667,mkach3t@shutterfly.com,2024-08-10 00:00:00.0,true,79403.0
139,Adoree Vynarde,5332083760,avynarde3u@si.edu,2026-05-04 00:00:00.0,true,10800.0
140,Belva Bodd,8327896134,bbodd3v@delicious.com,2024-12-05 00:00:00.0,false,423112.0
141,Kassi Virgoe,3898404494,kvirgoe3w@tripod.com,2024-04-04 00:00:00.0,false,132549.0
142,Franni Lent,5233248319,flent3x@cnbc.com,2024-09-05 00:00:00.0,false,254979.0
143,Agata Debill,2787900155,adebill3y@ocn.ne.jp,2024-12-10 00:00:00.0,false,478855.0
144,Glennie Yeandel,1755984154,gyeandel3z@senate.gov,2024-02-11 00:00:00.0,true,36548.0
145,Sallyanne Craine,7216058825,scraine40@umn.edu,2025-10-10 00:00:00.0,true,458498.0
146,Carmencita Freegard,7815636751,cfreegard41@businessweek.com,2024-12-05 00:00:00.0,true,251465.0
147,Arleyne Towe,9341028365,atowe42@blinklist.com,2024-10-11 00:00:00.0,true,238510.0
148,Elvera Reveley,8824867239,ereveley43@etsy.com,2025-07-04 00:00:00.0,false,289798.0
149,Nikola Dannehl,5991184929,ndannehl44@harvard.edu,2024-09-02 00:00:00.0,true,201223.0
150,Gregorio Foddy,9686524191,gfoddy45@umich.edu,2024-02-02 00:00:00.0,false,245417.0
